pid,name
john_lasseter,John Lasseter
tom_hanks,Tom Hanks
tim_allen,Tim Allen
don_rickles,Don Rickles
joe_johnston,Joe Johnston
robin_williams,Robin Williams
kirsten_dunst,Kirsten Dunst
bonnie_hunt,Bonnie Hunt
howard_deutch,Howard Deutch
walter_matthau,Walter Matthau
jack_lemmon,Jack Lemmon
ann_margret,Ann-Margret
forest_whitaker,Forest Whitaker
whitney_houston,Whitney Houston
angela_bassett,Angela Bassett
loretta_devine,Loretta Devine
charles_shyer,Charles Shyer
steve_martin,Steve Martin
diane_keaton,Diane Keaton
martin_short,Martin Short
michael_mann,Michael Mann
al_pacino,Al Pacino
robert_de_niro,Robert De Niro
val_kilmer,Val Kilmer
billy_wilder,Billy Wilder
humphrey_bogart,Humphrey Bogart
audrey_hepburn,Audrey Hepburn
william_holden,William Holden
peter_hewitt,Peter Hewitt
jonathan_taylor_thomas,Jonathan Taylor Thomas
brad_renfro,Brad Renfro
charles_rocket,Charles Rocket
peter_hyams,Peter Hyams
jean_claude_van_damme,Jean-Claude Van Damme
powers_boothe,Powers Boothe
raymond_j_barry,Raymond J. Barry
martin_campbell,Martin Campbell
pierce_brosnan,Pierce Brosnan
sean_bean,Sean Bean
izabella_scorupco,Izabella Scorupco
mel_brooks,Mel Brooks
leslie_nielsen,Leslie Nielsen
peter_macnicol,Peter MacNicol
simon_wells,Simon Wells
kevin_bacon,Kevin Bacon
bob_hoskins,Bob Hoskins
bridget_fonda,Bridget Fonda
oliver_stone,Oliver Stone
anthony_hopkins,Anthony Hopkins
joan_allen,Joan Allen
renny_harlin,Renny Harlin
geena_davis,Geena Davis
matthew_modine,Matthew Modine
frank_langella,Frank Langella
martin_scorsese,Martin Scorsese
sharon_stone,Sharon Stone
joe_pesci,Joe Pesci
ang_lee,Ang Lee
emma_thompson,Emma Thompson
kate_winslet,Kate Winslet
james_fleet,James Fleet
allison_anders_alexandre_rockwell_robert_rodriguez,"Allison Anders, Alexandre Rockwell, Robert Rodriguez"
tim_roth,Tim Roth
antonio_banderas,Antonio Banderas
sammi_davis,Sammi Davis
steve_oedekerk,Steve Oedekerk
jim_carrey,Jim Carrey
ian_mcneice,Ian McNeice
simon_callow,Simon Callow
joseph_ruben,Joseph Ruben
wesley_snipes,Wesley Snipes
woody_harrelson,Woody Harrelson
jennifer_lopez,Jennifer Lopez
barry_sonnenfeld,Barry Sonnenfeld
gene_hackman,Gene Hackman
rene_russo,Rene Russo
danny_devito,Danny DeVito
jon_amiel,Jon Amiel
sigourney_weaver,Sigourney Weaver
holly_hunter,Holly Hunter
dermot_mulroney,Dermot Mulroney
richard_donner,Richard Donner
sylvester_stallone,Sylvester Stallone
julianne_moore,Julianne Moore
victor_salva,Victor Salva
mary_steenburgen,Mary Steenburgen
sean_patrick_flanery,Sean Patrick Flanery
lance_henriksen,Lance Henriksen
mike_figgis,Mike Figgis
nicolas_cage,Nicolas Cage
elisabeth_shue,Elisabeth Shue
julian_sands,Julian Sands
oliver_parker,Oliver Parker
laurence_fishburne,Laurence Fishburne
kenneth_branagh,Kenneth Branagh
ir_ne_jacob,Irène Jacob
lesli_linka_glatter,Lesli Linka Glatter
christina_ricci,Christina Ricci
demi_moore,Demi Moore
rosie_o_donnell,Rosie O'Donnell
carrie_cracknell,Carrie Cracknell
richard_e_grant,Richard E. Grant
henry_golding,Henry Golding
ben_bailey_smith,Ben Bailey Smith
john_n_smith,John N. Smith
michelle_pfeiffer,Michelle Pfeiffer
george_dzundza,George Dzundza
courtney_b_vance,Courtney B. Vance
chris_noonan,Chris Noonan
james_cromwell,James Cromwell
magda_szubanski,Magda Szubanski
christine_cavanaugh,Christine Cavanaugh
tim_robbins,Tim Robbins
susan_sarandon,Susan Sarandon
sean_penn,Sean Penn
robert_prosky,Robert Prosky
andy_tennant,Andy Tennant
kirstie_alley,Kirstie Alley
steve_guttenberg,Steve Guttenberg
mary_kate_olsen,Mary-Kate Olsen
amy_heckerling,Amy Heckerling
alicia_silverstone,Alicia Silverstone
stacey_dash,Stacey Dash
brittany_murphy,Brittany Murphy
darrell_roodt,Darrell Roodt
richard_harris,Richard Harris
james_earl_jones,James Earl Jones
vusi_kunene,Vusi Kunene
richard_loncraine,Richard Loncraine
ian_mckellen,Ian McKellen
annette_bening,Annette Bening
christopher_bowen,Christopher Bowen
albert_hughes_allen_hughes,"Albert Hughes, Allen Hughes"
larenz_tate,Larenz Tate
keith_david,Keith David
chris_tucker,Chris Tucker
michael_hoffman,Michael Hoffman
robert_downey_jr,Robert Downey Jr.
sam_neill,Sam Neill
david_thewlis,David Thewlis
simon_mcquoid,Simon McQuoid
lewis_tan,Lewis Tan
jessica_mcnamee,Jessica McNamee
josh_lawson,Josh Lawson
gus_van_sant,Gus Van Sant
nicole_kidman,Nicole Kidman
matt_dillon,Matt Dillon
joaquin_phoenix,Joaquin Phoenix
jocelyn_moorhouse,Jocelyn Moorhouse
winona_ryder,Winona Ryder
ellen_burstyn,Ellen Burstyn
anne_bancroft,Anne Bancroft
mike_gabriel_eric_goldberg,"Mike Gabriel, Eric Goldberg"
mel_gibson,Mel Gibson
linda_hunt,Linda Hunt
christian_bale,Christian Bale
patricia_rozema,Patricia Rozema
pascale_bussi_res,Pascale Bussières
rachael_crawford,Rachael Crawford
henry_czerny,Henry Czerny
woody_allen,Woody Allen
mira_sorvino,Mira Sorvino
pamela_blair,Pamela Blair
gianni_amelio,Gianni Amelio
enrico_lo_verso,Enrico Lo Verso
michele_placido,Michele Placido
piro_milkani,Piro Milkani
ulu_grosbard,Ulu Grosbard
jennifer_jason_leigh,Jennifer Jason Leigh
mare_winningham,Mare Winningham
ted_levine,Ted Levine
jodie_foster,Jodie Foster
john_schlesinger,John Schlesinger
sally_field,Sally Field
kiefer_sutherland,Kiefer Sutherland
ed_harris,Ed Harris
stephen_herek,Stephen Herek
richard_dreyfuss,Richard Dreyfuss
glenne_headly,Glenne Headly
jay_thomas,Jay Thomas
paris_barclay,Paris Barclay
shawn_wayans,Shawn Wayans
marlon_wayans,Marlon Wayans
keenen_ivory_wayans,Keenen Ivory Wayans
bill_bennett,Bill Bennett
sandra_bullock,Sandra Bullock
denis_leary,Denis Leary
stephen_dillane,Stephen Dillane
jason_bloom,Jason Bloom
pauly_shore,Pauly Shore
stephen_baldwin,Stephen Baldwin
william_atherton,William Atherton
farhad_mann,Farhad Mann
patrick_bergin,Patrick Bergin
matt_frewer,Matt Frewer
austin_o_brien,Austin O'Brien
f_gary_gray,F. Gary Gray
ice_cube,Ice Cube
nia_long,Nia Long
robert_rodriguez,Robert Rodriguez
harvey_keitel,Harvey Keitel
george_clooney,George Clooney
juliette_lewis,Juliette Lewis
doug_liman,Doug Liman
naomi_watts,Naomi Watts
sonya_davison,Sonya Davison
noah_baumbach,Noah Baumbach
josh_hamilton,Josh Hamilton
eric_stoltz,Eric Stoltz
samuel_gould,Samuel Gould
michael_goldenberg,Michael Goldenberg
christian_slater,Christian Slater
mary_stuart_masterson,Mary Stuart Masterson
pamela_adlon,Pamela Adlon
steve_miner,Steve Miner
rick_moranis,Rick Moranis
tom_arnold,Tom Arnold
julianne_phillips,Julianne Phillips
christian_duguay,Christian Duguay
peter_weller,Peter Weller
roy_dupuis,Roy Dupuis
jennifer_rubin,Jennifer Rubin
susanne_ofteringer,Susanne Ofteringer
nico,Nico
tina_aumont,Tina Aumont
christian_p_ffgen,Christian Päffgen
gary_fleder,Gary Fleder
andy_garcia,Andy Garcia
christopher_walken,Christopher Walken
christopher_lloyd,Christopher Lloyd
tim_reid,Tim Reid
al_freeman_jr,Al Freeman Jr.
phylicia_rashad,Phylicia Rashad
leon,Leon
philip_haas,Philip Haas
mark_rylance,Mark Rylance
kristin_scott_thomas,Kristin Scott Thomas
patsy_kensit,Patsy Kensit
ridley_scott,Ridley Scott
jeff_bridges,Jeff Bridges
caroline_goodall,Caroline Goodall
john_savage,John Savage
ken_kwapis,Ken Kwapis
jason_alexander,Jason Alexander
faye_dunaway,Faye Dunaway
eric_lloyd,Eric Lloyd
penelope_spheeris,Penelope Spheeris
chris_farley,Chris Farley
david_spade,David Spade
tim_matheson,Tim Matheson
john_badham,John Badham
johnny_depp,Johnny Depp
courtney_chase,Courtney Chase
stephen_frears,Stephen Frears
julia_roberts,Julia Roberts
john_malkovich,John Malkovich
george_cole,George Cole
wes_craven,Wes Craven
eddie_murphy,Eddie Murphy
allen_payne,Allen Payne
ted_demme,Ted Demme
timothy_hutton,Timothy Hutton
noah_emmerich,Noah Emmerich
john_woo,John Woo
john_travolta,John Travolta
samantha_mathis,Samantha Mathis
davide_abbatescianni,Davide Abbatescianni
hanna_allsaar,Hanna Allsaar
jan_erik_aruvald,Jan-Erik Aruvald
inna_hallik,Inna Hallik
nick_broomfield,Nick Broomfield
nina_xining_zuo,Nina Xining Zuo
madam_alex,Madam Alex
harold_becker,Harold Becker
john_cusack,John Cusack
wes_anderson,Wes Anderson
luke_wilson,Luke Wilson
owen_wilson,Owen Wilson
ned_dowd,Ned Dowd
nick_castle,Nick Castle
ellen_degeneres,Ellen DeGeneres
bill_pullman,Bill Pullman
joan_cusack,Joan Cusack
poppy_montgomery,Poppy Montgomery
dylan_walsh,Dylan Walsh
james_hiroyuki_liao,James Hiroyuki Liao
dennis_dugan,Dennis Dugan
adam_sandler,Adam Sandler
christopher_mcdonald,Christopher McDonald
julie_bowen,Julie Bowen
brian_henson,Brian Henson
tim_curry,Tim Curry
billy_connolly,Billy Connolly
jennifer_saunders,Jennifer Saunders
robert_leacock,Robert Leacock
christy_turlington,Christy Turlington
azzedine_ala_a,Azzedine Alaïa
giorgio_armani,Giorgio Armani
sophie_marceau,Sophie Marceau
patrick_mcgoohan,Patrick McGoohan
cybill_shepherd,Cybill Shepherd
barbet_schroeder,Barbet Schroeder
meryl_streep,Meryl Streep
liam_neeson,Liam Neeson
edward_furlong,Edward Furlong
jon_blair,Jon Blair
glenn_close,Glenn Close
isa_baschwitz,Isa Baschwitz
eric_schaeffer,Eric Schaeffer
sarah_jessica_parker,Sarah Jessica Parker
ben_stiller,Ben Stiller
andrew_davis,Andrew Davis
alan_arkin,Alan Arkin
rachel_ticotin,Rachel Ticotin
reginald_hudlin,Reginald Hudlin
robin_givens,Robin Givens
halle_berry,Halle Berry
david_o_russell,David O. Russell
patricia_arquette,Patricia Arquette
t_a_leoni,Téa Leoni
michel_negroponte,Michel Negroponte
maggie_cogan,Maggie Cogan
katina_pendleton,Katina Pendleton
richard_griffiths,Richard Griffiths
maggie_steed,Maggie Steed
malcolm_sinclair,Malcolm Sinclair
william_friedkin,William Friedkin
david_caruso,David Caruso
linda_fiorentino,Linda Fiorentino
chazz_palminteri,Chazz Palminteri
david_s_ward,David S. Ward
kelsey_grammer,Kelsey Grammer
lauren_holly,Lauren Holly
rob_schneider,Rob Schneider
barry_levinson,Barry Levinson
laura_linney,Laura Linney
lewis_black,Lewis Black
raa_marchant,Raa Marchant
michael_bay,Michael Bay
will_smith,Will Smith
martin_lawrence,Martin Lawrence
lisa_boyle,Lisa Boyle
hal_hartley,Hal Hartley
isabelle_huppert,Isabelle Huppert
martin_donovan,Martin Donovan
elina_l_wensohn,Elina Löwensohn
ron_howard,Ron Howard
bill_paxton,Bill Paxton
michael_caton_jones,Michael Caton-Jones
jessica_lange,Jessica Lange
john_hurt,John Hurt
andrew_spanswick_tam_s_barok,"Andrew Spanswick, Tamás Barok"
cara_coslow,Cara Coslow
james_beck,James Beck
elysee_kathleen,Elysee Kathleen
darren_mcdonald,Darren McDonald
joel_schumacher,Joel Schumacher
tommy_lee_jones,Tommy Lee Jones
john_boorman,John Boorman
u_aung_ko,U Aung Ko
frances_mcdormand,Frances McDormand
paul_auster_wayne_wang_harvey_wang,"Paul Auster, Wayne Wang, Harvey Wang"
lou_reed,Lou Reed
michael_j_fox,Michael J. Fox
michael_moore,Michael Moore
john_candy,John Candy
alan_alda,Alan Alda
rhea_perlman,Rhea Perlman
brad_silberling,Brad Silberling
cathy_moriarty,Cathy Moriarty
spike_lee,Spike Lee
john_turturro,John Turturro
delroy_lindo,Delroy Lindo
frank_marshall,Frank Marshall
tony_scott,Tony Scott
denzel_washington,Denzel Washington
matt_craven,Matt Craven
terry_zwigoff,Terry Zwigoff
robert_crumb,Robert Crumb
aline_kominsky_crumb,Aline Kominsky-Crumb
charles_crumb,Charles Crumb
salma_hayek,Salma Hayek
joaquim_de_almeida,Joaquim de Almeida
carl_franklin,Carl Franklin
tom_sizemore,Tom Sizemore
jennifer_beals,Jennifer Beals
john_mctiernan,John McTiernan
bruce_willis,Bruce Willis
jeremy_irons,Jeremy Irons
samuel_l_jackson,Samuel L. Jackson
jerry_zucker,Jerry Zucker
sean_connery,Sean Connery
richard_gere,Richard Gere
julia_ormond,Julia Ormond
dwight_h_little,Dwight H. Little
jason_james_richter,Jason James Richter
michael_madsen,Michael Madsen
francis_capra,Francis Capra
iain_softley,Iain Softley
jonny_lee_miller,Jonny Lee Miller
angelina_jolie,Angelina Jolie
jesse_bradford,Jesse Bradford
christopher_ashley,Christopher Ashley
steven_weber,Steven Weber
michael_t_weiss,Michael T. Weiss
peter_jacobson,Peter Jacobson
robert_longo,Robert Longo
keanu_reeves,Keanu Reeves
dolph_lundgren,Dolph Lundgren
dina_meyer,Dina Meyer
danny_cannon,Danny Cannon
armand_assante,Armand Assante
james_marsden,James Marsden
alan_barinholtz,Alan Barinholtz
susan_berger,Susan Berger
larry_clark,Larry Clark
leo_fitzpatrick,Leo Fitzpatrick
justin_pierce,Justin Pierce
chlo_sevigny,Chloë Sevigny
tom_dicillo,Tom DiCillo
steve_buscemi,Steve Buscemi
catherine_keener,Catherine Keener
clive_barker,Clive Barker
scott_bakula,Scott Bakula
kevin_j_o_connor,Kevin J. O'Connor
j_trevor_edmond,J. Trevor Edmond
gaspar_no,Gaspar Noé
aomi_muyock,Aomi Muyock
karl_glusman,Karl Glusman
klara_kristin,Klara Kristin
antonia_bird,Antonia Bird
chris_o_donnell,Chris O'Donnell
drew_barrymore,Drew Barrymore
matthew_lillard,Matthew Lillard
kevin_smith,Kevin Smith
shannen_doherty,Shannen Doherty
jeremy_london,Jeremy London
jason_lee,Jason Lee
thomas_c_grane,Thomas C. Grane
karan_ashley,Karan Ashley
johnny_yong_bosch,Johnny Yong Bosch
steve_cardenas,Steve Cardenas
anthony_waller,Anthony Waller
marina_zudina,Marina Zudina
fay_ripley,Fay Ripley
evan_richards,Evan Richards
michael_almereyda,Michael Almereyda
peter_fonda,Peter Fonda
nic_ratner,Nic Ratner
leo_benvenuti,Leo Benvenuti
jeremy_bergman,Jeremy Bergman
elliott_cho,Elliott Cho
mike_ditka,Mike Ditka
chris_columbus,Chris Columbus
hugh_grant,Hugh Grant
daisy_von_scherler_mayer,Daisy von Scherler Mayer
parker_posey,Parker Posey
omar_townsend,Omar Townsend
the_lady_bunny,The Lady Bunny
emre_alu,Emre Aluç
alper_g_nay,Alper Günay
bihter_altay,Bihter Altay
yucel_yuksel,Yucel Yuksel
kim_wayans,Kim Wayans
michael_gladis,Michael Gladis
gregory_harrison,Gregory Harrison
boaz_yakin,Boaz Yakin
jason_statham,Jason Statham
catherine_chan,Catherine Chan
chris_sarandon,Chris Sarandon
paul_verhoeven,Paul Verhoeven
elizabeth_berkley,Elizabeth Berkley
kyle_maclachlan,Kyle MacLachlan
gina_gershon,Gina Gershon
wayne_wang,Wayne Wang
william_hurt,William Hurt
giancarlo_esposito,Giancarlo Esposito
lasse_hallstr_m,Lasse Hallström
dennis_quaid,Dennis Quaid
robert_duvall,Robert Duvall
roger_donaldson,Roger Donaldson
natasha_henstridge,Natasha Henstridge
ben_kingsley,Ben Kingsley
kathryn_bigelow,Kathryn Bigelow
ralph_fiennes,Ralph Fiennes
martha_coolidge,Martha Coolidge
patrick_swayze,Patrick Swayze
mary_elizabeth_mastrantonio,Mary Elizabeth Mastrantonio
joseph_mazzello,Joseph Mazzello
agnieszka_holland,Agnieszka Holland
leonardo_dicaprio,Leonardo DiCaprio
romane_bohringer,Romane Bohringer
beeban_kidron,Beeban Kidron
john_leguizamo,John Leguizamo
geoff_murphy,Geoff Murphy
steven_seagal,Steven Seagal
eric_bogosian,Eric Bogosian
everett_mcgill,Everett McGill
andie_macdowell,Andie MacDowell
michael_richards,Michael Richards
douglas_keeve,Douglas Keeve
isaac_mizrahi,Isaac Mizrahi
roseanne_barr,Roseanne Barr
sandra_bernhard,Sandra Bernhard
kevin_reynolds,Kevin Reynolds
kevin_costner,Kevin Costner
jeanne_tripplehorn,Jeanne Tripplehorn
dennis_hopper,Dennis Hopper
desmond_nakano,Desmond Nakano
harry_belafonte,Harry Belafonte
kelly_lynch,Kelly Lynch
dexter_fletcher,Dexter Fletcher
charlie_creed_miles,Charlie Creed-Miles
will_poulter,Will Poulter
sammy_williams,Sammy Williams
greg_beeman,Greg Beeman
daniel_stern,Daniel Stern
jon_polito,Jon Polito
brad_sullivan,Brad Sullivan
richard_linklater,Richard Linklater
ethan_hawke,Ethan Hawke
julie_delpy,Julie Delpy
andrea_eckert,Andrea Eckert
tamra_davis,Tamra Davis
darren_mcgavin,Darren McGavin
bridgette_wilson_sampras,Bridgette Wilson-Sampras
william_butler,William Butler
melissa_peterman,Melissa Peterman
mo_collins,Mo Collins
jim_o_heir,Jim O'Heir
herbert_ross,Herbert Ross
whoopi_goldberg,Whoopi Goldberg
mary_louise_parker,Mary-Louise Parker
andrea_staka,Andrea Staka
sylvie_marinkovic,Sylvie Marinkovic
lucia_radulovic,Lucia Radulovic
marija_skaricic,Marija Skaricic
stuart_gordon,Stuart Gordon
jeffrey_combs,Jeffrey Combs
barbara_crampton,Barbara Crampton
jonathan_fuller,Jonathan Fuller
jessica_dollarhide,Jessica Dollarhide
pat_o_connor,Pat O'Connor
minnie_driver,Minnie Driver
geraldine_o_rawe,Geraldine O'Rawe
brian_o_halloran,Brian O'Halloran
jeff_anderson,Jeff Anderson
marilyn_ghigliotti,Marilyn Ghigliotti
jeremy_leven,Jeremy Leven
marlon_brando,Marlon Brando
michael_douglas,Michael Douglas
donald_sutherland,Donald Sutherland
gary_busey,Gary Busey
yancy_butler,Yancy Butler
jack_baran,Jack Baran
dylan_mcdermott,Dylan McDermott
nancy_travis,Nancy Travis
quentin_tarantino,Quentin Tarantino
roman_polanski,Roman Polanski
stuart_wilson,Stuart Wilson
taylor_hackford,Taylor Hackford
kathy_bates,Kathy Bates
christopher_plummer,Christopher Plummer
bat_chen_sabag,Bat-Chen Sabag
shani_klein,Shani Klein
moshe_ashkenazi,Moshe Ashkenazi
atom_egoyan,Atom Egoyan
bruce_greenwood,Bruce Greenwood
elias_koteas,Elias Koteas
don_mckellar,Don McKellar
garry_marshall,Garry Marshall
dana_delany,Dana Delany
dan_aykroyd,Dan Aykroyd
tim_burton,Tim Burton
martin_landau,Martin Landau
lawrence_kasdan,Lawrence Kasdan
meg_ryan,Meg Ryan
kevin_kline,Kevin Kline
billy_crystal,Billy Crystal
debra_winger,Debra Winger
joe_mantegna,Joe Mantegna
phillip_borsos,Phillip Borsos
mimi_rogers,Mimi Rogers
bruce_davison,Bruce Davison
brett_leonard,Brett Leonard
jeff_goldblum,Jeff Goldblum
christine_lahti,Christine Lahti
carlo_carlei,Carlo Carlei
mark_lewis,Mark Lewis
kristy_young,Kristy Young
doug_stone,Doug Stone
james_donadio,James Donadio
steve_james,Steve James
william_gates,William Gates
arthur_agee,Arthur Agee
emma_gates,Emma Gates
peter_jackson,Peter Jackson
melanie_lynskey,Melanie Lynskey
sarah_peirse,Sarah Peirse
randall_miller,Randall Miller
sinbad,Sinbad
phil_hartman,Phil Hartman
kim_greist,Kim Greist
bernard_rose,Bernard Rose
gary_oldman,Gary Oldman
jeroen_krabb,Jeroen Krabbé
isabella_rossellini,Isabella Rossellini
ben_steele,Ben Steele
matt_bomer,Matt Bomer
fred_schepisi,Fred Schepisi
james_ivory,James Ivory
nick_nolte,Nick Nolte
greta_scacchi,Greta Scacchi
gwyneth_paltrow,Gwyneth Paltrow
ivan_reitman,Ivan Reitman
arnold_schwarzenegger,Arnold Schwarzenegger
arne_glimcher,Arne Glimcher
kate_capshaw,Kate Capshaw
george_lucas,George Lucas
mark_hamill,Mark Hamill
harrison_ford,Harrison Ford
carrie_fisher,Carrie Fisher
greta_gerwig,Greta Gerwig
saoirse_ronan,Saoirse Ronan
emma_watson,Emma Watson
florence_pugh,Florence Pugh
ken_loach,Ken Loach
crissy_rock,Crissy Rock
vladimir_vega,Vladimir Vega
sandie_lavelle,Sandie Lavelle
edward_zwick,Edward Zwick
brad_pitt,Brad Pitt
aidan_quinn,Aidan Quinn
damon_wayans,Damon Wayans
michael_ironside,Michael Ironside
bam_bam_bigelow,Bam Bam Bigelow
leo_mccarey,Leo McCarey
irene_dunne,Irene Dunne
charles_boyer,Charles Boyer
maria_ouspenskaya,Maria Ouspenskaya
stephen_gyllenhaal,Stephen Gyllenhaal
david_strathairn,David Strathairn
christina_milian,Christina Milian
kelli_garner,Kelli Garner
nora_ephron,Nora Ephron
madeline_kahn,Madeline Kahn
robert_klein,Robert Klein
richard_benjamin,Richard Benjamin
melanie_griffith,Melanie Griffith
michael_patrick_carter,Michael Patrick Carter
george_seaton,George Seaton
edmund_gwenn,Edmund Gwenn
maureen_o_hara,Maureen O'Hara
john_payne,John Payne
david_frankel,David Frankel
mia_farrow,Mia Farrow
robert_lindsay,Robert Lindsay
zo_wanamaker,Zoë Wanamaker
gabriel_thomson,Gabriel Thomson
marc_rocco,Marc Rocco
robert_benton,Robert Benton
paul_newman,Paul Newman
jessica_tandy,Jessica Tandy
michael_apted,Michael Apted
natasha_richardson,Natasha Richardson
nick_gomez,Nick Gomez
shar_ron_corley,Shar-Ron Corley
gabriel_casseus,Gabriel Casseus
saul_stein,Saul Stein
vadim_jean,Vadim Jean
craig_fairbrass,Craig Fairbrass
elizabeth_hurley,Elizabeth Hurley
keith_allen,Keith Allen
alan_jacobs,Alan Jacobs
laura_san_giacomo,Laura San Giacomo
paul_rhys,Paul Rhys
michael_o_keefe,Michael O'Keefe
o_lan_jones,O-Lan Jones
norman_jewison,Norman Jewison
marisa_tomei,Marisa Tomei
lee_tamahori,Lee Tamahori
rena_owen,Rena Owen
temuera_morrison,Temuera Morrison
mamaengaroa_kerr_bell,Mamaengaroa Kerr-Bell
anne_goursaud,Anne Goursaud
alyssa_milano,Alyssa Milano
johnathon_schaech,Johnathon Schaech
xander_berkeley,Xander Berkeley
wolfgang_petersen,Wolfgang Petersen
dustin_hoffman,Dustin Hoffman
morgan_freeman,Morgan Freeman
uma_thurman,Uma Thurman
scott_stewart,Scott Stewart
paul_bettany,Paul Bettany
cam_gigandet,Cam Gigandet
maggie_q,Maggie Q
robert_redford,Robert Redford
rob_morrow,Rob Morrow
peter_yates,Peter Yates
peter_falk,Peter Falk
d_b_sweeney,D.B. Sweeney
fred_gerber,Fred Gerber
matt_mccoy,Matt McCoy
george_mihalka,George Mihalka
darlanne_fluegel,Darlanne Fluegel
martin_neufeld,Martin Neufeld
james_brolin,James Brolin
harold_ramis,Harold Ramis
al_franken,Al Franken
vincent_d_onofrio,Vincent D'Onofrio
richard_rich,Richard Rich
michelle_nicastro,Michelle Nicastro
brian_nissen,Brian Nissen
katja_zoch,Katja Zoch
joseph_medrano,Joseph Medrano
roland_emmerich,Roland Emmerich
kurt_russell,Kurt Russell
james_spader,James Spader
jaye_davidson,Jaye Davidson
danny_boyle,Danny Boyle
kerry_fox,Kerry Fox
christopher_eccleston,Christopher Eccleston
ewan_mcgregor,Ewan McGregor
scott_mcgehee_david_siegel,"Scott McGehee, David Siegel"
dennis_haysbert,Dennis Haysbert
mel_harris,Mel Harris
sab_shimono,Sab Shimono
george_huang,George Huang
kevin_spacey,Kevin Spacey
frank_whaley,Frank Whaley
michelle_forbes,Michelle Forbes
kelly_makin,Kelly Makin
valerie_mahaffey,Valerie Mahaffey
lawrence_dane,Lawrence Dane
rachel_talalay,Rachel Talalay
lori_petty,Lori Petty
ice_t,Ice-T
david_carson,David Carson
patrick_stewart,Patrick Stewart
william_shatner,William Shatner
malcolm_mcdowell,Malcolm McDowell
rusty_cundieff,Rusty Cundieff
clarence_williams_iii,Clarence Williams III
corbin_bernsen,Corbin Bernsen
joe_torry,Joe Torry
don_tjernagel,Don Tjernagel
linda_dobbins,Linda Dobbins
matt_lee_ingebritson,Matt Lee Ingebritson
corey_kerr,Corey Kerr
john_carpenter,John Carpenter
christopher_reeve,Christopher Reeve
linda_kozlowski,Linda Kozlowski
peter_segal,Peter Segal
brian_dennehy,Brian Dennehy
louis_malle,Louis Malle
wallace_shawn,Wallace Shawn
phoebe_brand,Phoebe Brand
george_gaynes,George Gaynes
mike_lenzini,Mike Lenzini
blake_farris,Blake Farris
mark_d_matthews,Mark D. Matthews
jamie_carvelli,Jamie Carvelli
andrew_lincoln,Andrew Lincoln
danai_gurira,Danai Gurira
pollyanna_mcintosh,Pollyanna McIntosh
russell_crowe,Russell Crowe
jon_turteltaub,Jon Turteltaub
peter_gallagher,Peter Gallagher
masakazu_ohara_shinichi_omata,"Masakazu Ohara, Shinichi Omata"
amalee,AmaLee
yutaka_aoyama,Yutaka Aoyama
bryn_apprill,Bryn Apprill
mina_shum,Mina Shum
sandra_oh,Sandra Oh
stephen_chang,Stephen Chang
claudette_carracedo,Claudette Carracedo
p_j_hogan,P.J. Hogan
toni_collette,Toni Collette
rachel_griffiths,Rachel Griffiths
bill_hunter,Bill Hunter
tom_shadyac,Tom Shadyac
courteney_cox,Courteney Cox
sean_young,Sean Young
guy_pearce,Guy Pearce
terence_stamp,Terence Stamp
hugo_weaving,Hugo Weaving
stephen_dorff,Stephen Dorff
sheryl_lee,Sheryl Lee
ian_hart,Ian Hart
emmanuelle_seigner,Emmanuelle Seigner
dianne_wiest,Dianne Wiest
jennifer_tilly,Jennifer Tilly
phillip_noyce,Phillip Noyce
willem_dafoe,Willem Dafoe
anne_archer,Anne Archer
todd_kwait_rob_stegman,"Todd Kwait, Rob Stegman"
jessie_nelson,Jessie Nelson
ray_liotta,Ray Liotta
tina_majorino,Tina Majorino
alfre_woodard,Alfre Woodard
david_patrick_kelly,David Patrick Kelly
eric_darnell,Eric Darnell
john_legend,John Legend
constance_wu,Constance Wu
liza_koshy,Liza Koshy
ron_shelton,Ron Shelton
robert_wuhl,Robert Wuhl
lolita_davidovich,Lolita Davidovich
robert_zemeckis,Robert Zemeckis
robin_wright,Robin Wright
gary_sinise,Gary Sinise
mike_newell,Mike Newell
john_singleton,John Singleton
omar_epps,Omar Epps
kristy_swanson,Kristy Swanson
michael_rapaport,Michael Rapaport
darnell_martin,Darnell Martin
luna_lauren_velez,Luna Lauren Velez
jon_seda,Jon Seda
tomas_melly,Tomas Melly
saul_rubinek,Saul Rubinek
andrew_bergman,Andrew Bergman
rosie_perez,Rosie Perez
urara_takano,Urara Takano
banj_ginga,Banjô Ginga
hiroya_ishimaru,Hiroya Ishimaru
bernardo_bertolucci,Bernardo Bertolucci
ruocheng_ying,Ruocheng Ying
scott_glosserman,Scott Glosserman
nathan_baesel,Nathan Baesel
angela_goethals,Angela Goethals
zelda_rubinstein,Zelda Rubinstein
james_garner,James Garner
alan_rudolph,Alan Rudolph
campbell_scott,Campbell Scott
matthew_broderick,Matthew Broderick
priscilla_presley,Priscilla Presley
george_kennedy,George Kennedy
nathan_mitzenmacher,Nathan Mitzenmacher
janeane_garofalo,Janeane Garofalo
john_dahl,John Dahl
lara_flynn_boyle,Lara Flynn Boyle
donald_petrie,Donald Petrie
macaulay_culkin,Macaulay Culkin
edward_herrmann,Edward Herrmann
john_larroquette,John Larroquette
jan_de_bont,Jan de Bont
john_ross_bowie,John Ross Bowie
cedric_yarbrough,Cedric Yarbrough
mia_sara,Mia Sara
ron_silver,Ron Silver
james_cameron,James Cameron
jamie_lee_curtis,Jamie Lee Curtis
luis_mandoki,Luis Mandoki
mike_nichols,Mike Nichols
jack_nicholson,Jack Nicholson
chris_rock,Chris Rock
matthew_marsh,Matthew Marsh
jefery_levy,Jefery Levy
reese_witherspoon,Reese Witherspoon
jake_busey,Jake Busey
daryl_sabara,Daryl Sabara
spencer_locke,Spencer Locke
russ_meyer,Russ Meyer
tura_satana,Tura Satana
haji,Haji
lori_williams,Lori Williams
doug_mchenry,Doug McHenry
jada_pinkett_smith,Jada Pinkett Smith
bokeem_woodbine,Bokeem Woodbine
steven_e_de_souza,Steven E. de Souza
raul_julia,Raul Julia
ming_na_wen,Ming-Na Wen
michael_corrente,Michael Corrente
nicholas_turturro,Nicholas Turturro
anthony_desando,Anthony DeSando
libby_langdon,Libby Langdon
j_rgen_prochnow,Jürgen Prochnow
julie_carmen,Julie Carmen
john_g_avildsen,John G. Avildsen
luke_perry,Luke Perry
james_rebhorn,James Rebhorn
jeff_pollack,Jeff Pollack
duane_martin,Duane Martin
tupac_shakur,Tupac Shakur
anjelica_huston,Anjelica Huston
michael_lehmann,Michael Lehmann
brendan_fraser,Brendan Fraser
emilio_estevez,Emilio Estevez
jonathan_kaplan,Jonathan Kaplan
madeleine_stowe,Madeleine Stowe
whit_stillman,Whit Stillman
taylor_nichols,Taylor Nichols
chris_eigeman,Chris Eigeman
tushka_bergen,Tushka Bergen
sam_witwer,Sam Witwer
meaghan_rath,Meaghan Rath
sam_huntington,Sam Huntington
john_landis,John Landis
jon_tenney,Jon Tenney
joey_travolta,Joey Travolta
caroline_thompson,Caroline Thompson
docs_keepin_time,Docs Keepin Time
james_remar,James Remar
stephen_hopkins,Stephen Hopkins
suzy_amis,Suzy Amis
mary_mcdonnell,Mary McDonnell
j_t_walsh,J.T. Walsh
tony_richardson,Tony Richardson
abel_ferrara,Abel Ferrara
gabrielle_anwar,Gabrielle Anwar
meg_tilly,Meg Tilly
terry_kinney,Terry Kinney
jennifer_lynch,Jennifer Lynch
sherilyn_fenn,Sherilyn Fenn
adam_resnick,Adam Resnick
chris_elliott,Chris Elliott
ritch_brinkley,Ritch Brinkley
james_gammon,James Gammon
john_whitesell,John Whitesell
jason_priestley,Jason Priestley
gabriel_olds,Gabriel Olds
jerry_o_connell,Jerry O'Connell
brian_de_palma,Brian De Palma
penelope_ann_miller,Penelope Ann Miller
paul_weiland,Paul Weiland
jack_palance,Jack Palance
bertrand_tavernier,Bertrand Tavernier
philippe_noiret,Philippe Noiret
st_phane_audran,Stéphane Audran
john_lithgow,John Lithgow
michael_rooker,Michael Rooker
steve_barron,Steve Barron
jane_curtin,Jane Curtin
robert_knott,Robert Knott
richard_rush,Richard Rush
jane_march,Jane March
rub_n_blades,Rubén Blades
michael_ritchie,Michael Ritchie
chevy_chase,Chevy Chase
jason_london,Jason London
wiley_wiggins,Wiley Wiggins
matthew_mcconaughey,Matthew McConaughey
marco_brambilla,Marco Brambilla
lorraine_bracco,Lorraine Bracco
pat_morita,Pat Morita
carl_reiner,Carl Reiner
kate_nelligan,Kate Nelligan
ronny_yu,Ronny Yu
jet_li,Jet Li
li_sun,Li Sun
yong_dong,Yong Dong
larry_b_scott,Larry B. Scott
mark_christopher_lawrence,Mark Christopher Lawrence
alek_keshishian,Alek Keshishian
moira_kelly,Moira Kelly
sarah_hay,Sarah Hay
ben_daniels,Ben Daniels
emily_tyra,Emily Tyra
john_irvin,John Irvin
joan_plowright,Joan Plowright
anthony_higgins,Anthony Higgins
simon_wincer,Simon Wincer
mimi_cave,Mimi Cave
daisy_edgar_jones,Daisy Edgar-Jones
sebastian_stan,Sebastian Stan
jojo_t_gibbs,Jojo T. Gibbs
lucy_blakstad,Lucy Blakstad
carlos_ghosn,Carlos Ghosn
louis_schweitzer,Louis Schweitzer
cl_ment_lacombe,Clément Lacombe
walter_hill,Walter Hill
jason_patric,Jason Patric
to_o_leal,Toño Leal
jeriko_lim,Jeriko Lim
michael_a_lucio,Michael A. Lucio
zachary_de_silva,Zachary De Silva
ted_danson,Ted Danson
rose_troche,Rose Troche
v_s_brodie,V.S. Brodie
guinevere_turner,Guinevere Turner
t_wendy_mcmillan,T. Wendy McMillan
jim_abrahams,Jim Abrahams
charlie_sheen,Charlie Sheen
lloyd_bridges,Lloyd Bridges
valeria_golino,Valeria Golino
julianna_lavin,Julianna Lavin
kim_cattrall,Kim Cattrall
cynthia_stevenson,Cynthia Stevenson
eric_meza,Eric Meza
christopher_reid,Christopher Reid
christopher_martin,Christopher Martin
david_edwards,David Edwards
james_l_brooks,James L. Brooks
albert_brooks,Albert Brooks
whittni_wright,Whittni Wright
daniel_petrie_jr,Daniel Petrie Jr.
andy_dick,Andy Dick
clint_eastwood,Clint Eastwood
jim_sheridan,Jim Sheridan
daniel_day_lewis,Daniel Day-Lewis
pete_postlethwaite,Pete Postlethwaite
alison_crosbie,Alison Crosbie
jerry_beck,Jerry Beck
leslie_cabarga,Leslie Cabarga
harvey_deneroff,Harvey Deneroff
paul_dini,Paul Dini
brian_gibson,Brian Gibson
ra_ven_kelly,RaéVen Kelly
victoria_abril,Victoria Abril
cuba_gooding_jr,Cuba Gooding Jr.
steven_spielberg,Steven Spielberg
laura_dern,Laura Dern
dominic_sena,Dominic Sena
kathy_larson,Kathy Larson
roger_avary,Roger Avary
martin_raymond,Martin Raymond
daniel_petrie,Daniel Petrie
helen_slater,Helen Slater
tom_guiry,Tom Guiry
f_murray_abraham,F. Murray Abraham
art_carney,Art Carney
james_lapine,James Lapine
christina_vidal,Christina Vidal
nathan_lane,Nathan Lane
paul_hogan,Paul Hogan
beverly_d_angelo,Beverly D'Angelo
david_cronenberg,David Cronenberg
john_lone,John Lone
barbara_sukowa,Barbara Sukowa
alec_baldwin,Alec Baldwin
jerry_adler,Jerry Adler
tyrin_turner,Tyrin Turner
june_kyoto_lu,June Kyoto Lu
stuart_baird,Stuart Baird
tom_noonan,Tom Noonan
karen_sillas,Karen Sillas
anthony_minghella,Anthony Minghella
annabella_sciorra,Annabella Sciorra
mike_leigh,Mike Leigh
lesley_sharp,Lesley Sharp
katrin_cartlidge,Katrin Cartlidge
john_erick_dowdle,John Erick Dowdle
lake_bell,Lake Bell
rob_reiner,Rob Reiner
elijah_wood,Elijah Wood
sally_potter,Sally Potter
tilda_swinton,Tilda Swinton
billy_zane,Billy Zane
quentin_crisp,Quentin Crisp
jean_pierre_giagnoli,Jean-Pierre Giagnoli
jonathan_demme,Jonathan Demme
roberta_maxwell,Roberta Maxwell
rebecca_tansley,Rebecca Tansley
janet_jackson,Janet Jackson
regina_king,Regina King
mel_smith,Mel Smith
brian_benben,Brian Benben
ned_beatty,Ned Beatty
meg_staahl,Meg Staahl
kazuo_ishiguro,Kazuo Ishiguro
ismail_merchant,Ismail Merchant
john_calley,John Calley
penny_marshall,Penny Marshall
gregory_hines,Gregory Hines
philip_kaufman,Philip Kaufman
fred_dekker,Fred Dekker
robert_john_burke,Robert John Burke
nancy_allen,Nancy Allen
mario_machado,Mario Machado
cary_elwes,Cary Elwes
richard_lewis,Richard Lewis
roger_rees,Roger Rees
peter_medak,Peter Medak
lena_olin,Lena Olin
wallace_wood,Wallace Wood
geoffrey_wright,Geoffrey Wright
daniel_pollock,Daniel Pollock
jacqueline_mckenzie,Jacqueline McKenzie
victor_nunez,Victor Nunez
ashley_judd,Ashley Judd
todd_field,Todd Field
bentley_mitchum,Bentley Mitchum
david_anspaugh,David Anspaugh
sean_astin,Sean Astin
jon_favreau,Jon Favreau
adrian_petriw,Adrian Petriw
hannah_rochelle_burr,Hannah Rochelle Burr
wilfred_hogan,Wilfred Hogan
steven_zaillian,Steven Zaillian
max_pomeranc,Max Pomeranc
john_waters,John Waters
kathleen_turner,Kathleen Turner
sam_waterston,Sam Waterston
ricki_lake,Ricki Lake
peter_levin,Peter Levin
peter_strauss,Peter Strauss
lindsay_frost,Lindsay Frost
richard_attenborough,Richard Attenborough
julian_fellowes,Julian Fellowes
robert_altman,Robert Altman
john_duigan,John Duigan
tara_fitzgerald,Tara Fitzgerald
stockard_channing,Stockard Channing
ross_malinger,Ross Malinger
william_baldwin,William Baldwin
tom_berenger,Tom Berenger
rutger_hauer,Rutger Hauer
steve_rash,Steve Rash
carla_gugino,Carla Gugino
lane_smith,Lane Smith
thomas_schlamme,Thomas Schlamme
mike_myers,Mike Myers
anthony_lapaglia,Anthony LaPaglia
rowdy_herrington,Rowdy Herrington
dennis_farina,Dennis Farina
annabel_jankel_rocky_morton,"Annabel Jankel, Rocky Morton"
ernest_r_dickerson,Ernest R. Dickerson
charles_s_dutton,Charles S. Dutton
deran_sarafian,Deran Sarafian
nastassja_kinski,Nastassja Kinski
james_gandolfini,James Gandolfini
fran_ois_girard,François Girard
colm_feore,Colm Feore
derek_keurvorst,Derek Keurvorst
katya_ladan,Katya Ladan
andrew_fleming,Andrew Fleming
josh_charles,Josh Charles
george_p_cosmatos,George P. Cosmatos
sam_elliott,Sam Elliott
todd_solondz,Todd Solondz
heather_matarazzo,Heather Matarazzo
christina_brucato,Christina Brucato
victoria_davis,Victoria Davis
claude_berri,Claude Berri
renaud,Renaud
g_rard_depardieu,Gérard Depardieu
miou_miou,Miou-Miou
erika_eleniak,Erika Eleniak
william_mcnamara,William McNamara
pedro_almod_var,Pedro Almodóvar
peter_coyote,Peter Coyote
ver_nica_forqu,Verónica Forqué
gurinder_chadha,Gurinder Chadha
kim_vithana,Kim Vithana
jimmi_harkishin,Jimmi Harkishin
sarita_khajuria,Sarita Khajuria
andrew_scheinman,Andrew Scheinman
luke_edwards,Luke Edwards
timothy_busfield,Timothy Busfield
john_ashton,John Ashton
jeremy_davies,Jeremy Davies
alberta_watson,Alberta Watson
benjamin_hendrickson,Benjamin Hendrickson
george_spanky_mcfarland,George 'Spanky' McFarland
george_miller,George Miller
keith_carradine,Keith Carradine
chelsea_field,Chelsea Field
michael_austin,Michael Austin
phoebe_cates,Phoebe Cates
jim_broadbent,Jim Broadbent
wendy_hughes,Wendy Hughes
ron_clements_john_musker,"Ron Clements, John Musker"
scott_weinger,Scott Weinger
linda_larkin,Linda Larkin
linda_hamilton,Linda Hamilton
graham_greene,Graham Greene
michael_keaton,Michael Keaton
kim_basinger,Kim Basinger
william_cottrell_david_hand_wilfred_jackson,"William Cottrell, David Hand, Wilfred Jackson"
adriana_caselotti,Adriana Caselotti
harry_stockwell,Harry Stockwell
lucille_la_verne,Lucille La Verne
gary_trousdale_kirk_wise,"Gary Trousdale, Kirk Wise"
paige_o_hara,Paige O'Hara
robby_benson,Robby Benson
jesse_corti,Jesse Corti
norman_ferguson_t_hee_wilfred_jackson,"Norman Ferguson, T. Hee, Wilfred Jackson"
dickie_jones,Dickie Jones
christian_rub,Christian Rub
mel_blanc,Mel Blanc
c_m_talkington,C.M. Talkington
gil_bellows,Gil Bellows
ren_e_zellweger,Renée Zellweger
rory_cochrane,Rory Cochrane
mae_whitman,Mae Whitman
bill_condon,Bill Condon
tony_todd,Tony Todd
kelly_rowan,Kelly Rowan
caroline_barclay,Caroline Barclay
joel_coen_ethan_coen,"Joel Coen, Ethan Coen"
william_h_macy,William H. Macy
david_r_ellis,David R. Ellis
ralph_waite,Ralph Waite
gerald_potterton_john_bruno_john_halas,"Gerald Potterton, John Bruno, John Halas"
richard_romanus,Richard Romanus
joe_flaherty,Joe Flaherty
kevin_yagher,Kevin Yagher
bruce_ramsay,Bruce Ramsay
valentina_vargas,Valentina Vargas
doug_bradley,Doug Bradley
cary_joji_fukunaga,Cary Joji Fukunaga
mia_wasikowska,Mia Wasikowska
michael_fassbender,Michael Fassbender
jamie_bell,Jamie Bell
fernando_trueba,Fernando Trueba
daryl_hannah,Daryl Hannah
bill_couturi,Bill Couturié
matt_leblanc,Matt LeBlanc
jayne_brook,Jayne Brook
gene_ross,Gene Ross
lars_bergstr_m_mats_bigert,"Lars Bergström, Mats Bigert"
brian_price,Brian Price
mimi_martin,Mimi Martin
sakae_menda,Sakae Menda
gregory_hoblit,Gregory Hoblit
edward_norton,Edward Norton
larry_leker_paul_sabella,"Larry Leker, Paul Sabella"
sheena_easton,Sheena Easton
dom_deluise,Dom DeLuise
hal_salwen,Hal Salwen
tim_daly,Tim Daly
caroleen_feeney,Caroleen Feeney
dan_gunther,Dan Gunther
jonathan_r_betuel,Jonathan R. Betuel
armin_mueller_stahl,Armin Mueller-Stahl
juliet_landau,Juliet Landau
todd_verow,Todd Verow
michael_gunther,Michael Gunther
craig_chester,Craig Chester
michael_stock,Michael Stock
jonathan_lynn,Jonathan Lynn
theresa_randle,Theresa Randle
isaiah_washington,Isaiah Washington
henri_georges_clouzot,Henri-Georges Clouzot
simone_signoret,Simone Signoret
v_ra_clouzot,Véra Clouzot
paul_meurisse,Paul Meurisse
anne_mond,Anne Émond
myl_ne_mackay,Mylène Mackay
milya_corbeil_gauvreau,Milya Corbeil Gauvreau
micka_l_gouin,Mickaël Gouin
lou_diamond_phillips,Lou Diamond Phillips
brad_bird,Brad Bird
tom_cruise,Tom Cruise
jeremy_renner,Jeremy Renner
simon_pegg,Simon Pegg
pen_densham,Pen Densham
rob_cohen,Rob Cohen
henry_selick,Henry Selick
paul_terry,Paul Terry
joanna_lumley,Joanna Lumley
james_foley,James Foley
mark_wahlberg,Mark Wahlberg
william_petersen,William Petersen
dave_foley,Dave Foley
bruce_mcculloch,Bruce McCulloch
kevin_mcdonald,Kevin McDonald
emir_kusturica,Emir Kusturica
predrag_miki_manojlovic,Predrag 'Miki' Manojlovic
lazar_ristovski,Lazar Ristovski
mirjana_jokovic,Mirjana Jokovic
jim_mallon,Jim Mallon
trace_beaulieu,Trace Beaulieu
michael_j_nelson,Michael J. Nelson
joe_pytka,Joe Pytka
michael_jordan,Michael Jordan
wayne_knight,Wayne Knight
roger_vadim,Roger Vadim
jane_fonda,Jane Fonda
john_phillip_law,John Phillip Law
anita_pallenberg,Anita Pallenberg
george_hickenlooper,George Hickenlooper
billy_bob_thornton,Billy Bob Thornton
molly_ringwald,Molly Ringwald
randal_kleiser,Randal Kleiser
eric_roberts,Eric Roberts
margaret_cho,Margaret Cho
danny_glover,Danny Glover
shirley_maclaine,Shirley MacLaine
norberto_barba,Norberto Barba
mario_van_peebles,Mario Van Peebles
william_sadler,William Sadler
barry_corbin,Barry Corbin
lisagay_hamilton,LisaGay Hamilton
steven_baigelman,Steven Baigelman
cameron_diaz,Cameron Diaz
zalman_king,Zalman King
audie_england,Audie England
costas_mandylor,Costas Mandylor
eric_da_silva,Eric da Silva
patrick_read_johnson,Patrick Read Johnson
charlie_talbert,Charlie Talbert
george_c_scott,George C. Scott
mischa_kamp,Mischa Kamp
gijs_blom,Gijs Blom
ko_zandvliet,Ko Zandvliet
jonas_smulders,Jonas Smulders
vincent_tong,Vincent Tong
sabrina_pitre,Sabrina Pitre
jason_simpson,Jason Simpson
steve_gomer,Steve Gomer
fredro_starr,Fredro Starr
carol_kane,Carol Kane
jennifer_connelly,Jennifer Connelly
ben_chaplin,Ben Chaplin
nick_deocampo,Nick Deocampo
reynaldo_villarma,Reynaldo Villarma
paul_alantis,Paul Alantis
tony_lvarez,Tony Álvarez
tom_decerchio,Tom DeCerchio
alan_shapiro,Alan Shapiro
jonathan_banks,Jonathan Banks
jim_jarmusch,Jim Jarmusch
gary_farmer,Gary Farmer
crispin_glover,Crispin Glover
zack_duhame,Zack Duhame
ian_mcculloch,Ian McCulloch
george_demas,George Demas
nina_hellman,Nina Hellman
annie_parisse,Annie Parisse
jeff_smith,Jeff Smith
bruce_beresford,Bruce Beresford
randy_quaid,Randy Quaid
eileen_atkins,Eileen Atkins
kate_beckinsale,Kate Beckinsale
sheila_burrell,Sheila Burrell
phil_joanou,Phil Joanou
bill_murray,Bill Murray
leem_lubany,Leem Lubany
zooey_deschanel,Zooey Deschanel
helen_hunt,Helen Hunt
jami_gertz,Jami Gertz
david_hogan,David Hogan
pamela_anderson,Pamela Anderson
amir_aboulela,Amir AboulEla
adriana_alexander,Adriana Alexander
tom_holland,Tom Holland
lucinda_jenney,Lucinda Jenney
rick_friedberg,Rick Friedberg
nicollette_sheridan,Nicollette Sheridan
charles_durning,Charles Durning
richard_schenkman,Richard Schenkman
roberta_bayley,Roberta Bayley
john_holmstrom,John Holmstrom
billy_idol,Billy Idol
stanley_kubrick,Stanley Kubrick
peter_sellers,Peter Sellers
sterling_hayden,Sterling Hayden
freida_lee_mock,Freida Lee Mock
maya_lin,Maya Lin
joseph_vilsmaier,Joseph Vilsmaier
dominique_horwitz,Dominique Horwitz
thomas_kretschmann,Thomas Kretschmann
jochen_nickel,Jochen Nickel
byung_chun_min,Byung-chun Min
choi_min_soo,Choi Min-soo
jung_woo_sung,Jung Woo-sung
sol_kyung_gu,Sol Kyung-gu
burt_reynolds,Burt Reynolds
james_mangold,James Mangold
pruitt_taylor_vince,Pruitt Taylor Vince
liv_tyler,Liv Tyler
shelley_winters,Shelley Winters
francis_ford_coppola,Francis Ford Coppola
diane_lane,Diane Lane
brian_kerwin,Brian Kerwin
mary_harron,Mary Harron
lili_taylor,Lili Taylor
jared_harris,Jared Harris
martha_plimpton,Martha Plimpton
djibril_diop_mamb_ty,Djibril Diop Mambéty
magaye_niang,Magaye Niang
myriam_niang,Myriam Niang
christoph_colomb,Christoph Colomb
federico_fellini_louis_malle_roger_vadim,"Federico Fellini, Louis Malle, Roger Vadim"
brigitte_bardot,Brigitte Bardot
alain_delon,Alain Delon
ewen_bremner,Ewen Bremner
scott_winant,Scott Winant
john_plumpis,John Plumpis
carlo_cecchi,Carlo Cecchi
carolina_bradilli,Carolina Bradilli
sue_bird,Sue Bird
lebron_james,LeBron James
bobby_farrelly_peter_farrelly,"Bobby Farrelly, Peter Farrelly"
chuck_russell,Chuck Russell
vanessa_williams,Vanessa Williams
james_caan,James Caan
alexandre_rockwell,Alexandre Rockwell
anthony_quinn,Anthony Quinn
amy_brenneman,Amy Brenneman
viggo_mortensen,Viggo Mortensen
john_sayles,John Sayles
chris_cooper,Chris Cooper
elizabeth_pe_a,Elizabeth Peña
stephen_mendillo,Stephen Mendillo
bronwen_hughes,Bronwen Hughes
michelle_trachtenberg,Michelle Trachtenberg
gregory_smith,Gregory Smith
kyra_sedgwick,Kyra Sedgwick
nicole_holofcener,Nicole Holofcener
anne_heche,Anne Heche
amy_braverman,Amy Braverman
edward_burns,Edward Burns
jennifer_aniston,Jennifer Aniston
john_mahoney,John Mahoney
giovani_barros,Giovani Barros
leandro_faria_lelo,Leandro Faria Lelo
tero_queiroz,Tero Queiroz
philipe_faria,Philipe Faria
dennis_franz,Dennis Franz
sean_nelson,Sean Nelson
fraser_c_heston,Fraser C. Heston
thora_birch,Thora Birch
vincent_kartheiser,Vincent Kartheiser
dirk_benedict,Dirk Benedict
kevin_hooks,Kevin Hooks
will_patton,Will Patton
paul_michael_glaser,Paul Michael Glaser
shaquille_o_neal,Shaquille O'Neal
ally_walker,Ally Walker
howard_franklin,Howard Franklin
peter_sehr,Peter Sehr
andr_eisermann,André Eisermann
udo_samel,Udo Samel
jeremy_clyde,Jeremy Clyde
john_payson,John Payson
megan_ward,Megan Ward
billy_west,Billy West
hart_bochner,Hart Bochner
jon_lovitz,Jon Lovitz
tia_carrere,Tia Carrere
louise_fletcher,Louise Fletcher
annette_haywood_carter,Annette Haywood-Carter
hedy_burress,Hedy Burress
jenny_lewis,Jenny Lewis
rachel_weisz,Rachel Weisz
mara_wilson,Mara Wilson
douglas_mcgrath,Douglas McGrath
james_cosmo,James Cosmo
harry_winer,Harry Winer
kevin_pollak,Kevin Pollak
kyle_howard,Kyle Howard
stacy_keach,Stacy Keach
julian_schnabel,Julian Schnabel
jeffrey_wright,Jeffrey Wright
michael_wincott,Michael Wincott
benicio_del_toro,Benicio Del Toro
don_johnson,Don Johnson
hriday_shetty,Hriday Shetty
mehmood_akhtar,Mehmood Akhtar
nafisa_ali,Nafisa Ali
amrita_arora,Amrita Arora
lana_wachowski_lilly_wachowski,"Lana Wachowski, Lilly Wachowski"
joe_pantoliano,Joe Pantoliano
arthur_hiller,Arthur Hiller
david_paymer,David Paymer
miranda_richardson,Miranda Richardson
christopher_cain,Christopher Cain
rosanna_arquette,Rosanna Arquette
john_c_mcginley,John C. McGinley
david_mickey_evans,David Mickey Evans
brock_pierce,Brock Pierce
blake_boyd,Blake Boyd
haley_joel_osment,Haley Joel Osment
roy_allen_smith,Roy Allen Smith
scott_mcafee,Scott McAfee
candace_hutson,Candace Hutson
heather_hogan,Heather Hogan
jeff_bennett,Jeff Bennett
trevor_nunn,Trevor Nunn
helena_bonham_carter,Helena Bonham Carter
imogen_stubbs,Imogen Stubbs
keith_gordon,Keith Gordon
tony_robinow,Tony Robinow
sam_wood,Sam Wood
gary_cooper,Gary Cooper
ingrid_bergman,Ingrid Bergman
akim_tamiroff,Akim Tamiroff
stanley_donen_gene_kelly,"Stanley Donen, Gene Kelly"
gene_kelly,Gene Kelly
donald_o_connor,Donald O'Connor
debbie_reynolds,Debbie Reynolds
stanley_donen,Stanley Donen
fred_astaire,Fred Astaire
kay_thompson,Kay Thompson
blake_edwards,Blake Edwards
george_peppard,George Peppard
patricia_neal,Patricia Neal
alfred_hitchcock,Alfred Hitchcock
james_stewart,James Stewart
kim_novak,Kim Novak
barbara_bel_geddes,Barbara Bel Geddes
grace_kelly,Grace Kelly
wendell_corey,Wendell Corey
frank_capra,Frank Capra
clark_gable,Clark Gable
claudette_colbert,Claudette Colbert
walter_connolly,Walter Connolly
george_cukor,George Cukor
joseph_cotten,Joseph Cotten
cary_grant,Cary Grant
eva_marie_saint,Eva Marie Saint
james_mason,James Mason
steve_jambeck,Steve Jambeck
phil_e_eichinger,Phil E. Eichinger
georgia_kate_haege,Georgia Kate Haege
whitney_kimball_long,Whitney Kimball Long
taso_makedon,Taso Makedon
marilyn_monroe,Marilyn Monroe
tony_curtis,Tony Curtis
michael_curtiz,Michael Curtiz
paul_henreid,Paul Henreid
rex_harrison,Rex Harrison
stanley_holloway,Stanley Holloway
william_wyler,William Wyler
gregory_peck,Gregory Peck
eddie_albert,Eddie Albert
vincente_minnelli,Vincente Minnelli
judy_garland,Judy Garland
margaret_o_brien,Margaret O'Brien
mary_astor,Mary Astor
robert_v_barron,Robert V. Barron
alice_smith,Alice Smith
kris_noel_pearson,Kris Noel Pearson
kimberly_crystal,Kimberly Crystal
xavier_garcia,Xavier Garcia
victor_fleming,Victor Fleming
vivien_leigh,Vivien Leigh
thomas_mitchell,Thomas Mitchell
peter_o_toole,Peter O'Toole
mark_linn_baker,Mark Linn-Baker
jessica_harper,Jessica Harper
orson_welles,Orson Welles
dorothy_comingore,Dorothy Comingore
keir_dullea,Keir Dullea
gary_lockwood,Gary Lockwood
william_sylvester,William Sylvester
joseph_l_mankiewicz,Joseph L. Mankiewicz
bette_davis,Bette Davis
anne_baxter,Anne Baxter
george_sanders,George Sanders
thierry_michel,Thierry Michel
martin_spinhayer,Martin Spinhayer
denis_mukwege_mukengere,Denis Mukwege Mukengere
hillary_clinton,Hillary Clinton
laurence_olivier,Laurence Olivier
joan_fontaine,Joan Fontaine
joel_mccrea,Joel McCrea
laraine_day,Laraine Day
herbert_marshall,Herbert Marshall
claude_rains,Claude Rains
michael_chekhov,Michael Chekhov
jessie_royce_landis,Jessie Royce Landis
ernst_lubitsch,Ernst Lubitsch
greta_garbo,Greta Garbo
melvyn_douglas,Melvyn Douglas
ina_claire,Ina Claire
maurice_chevalier,Maurice Chevalier
vincente_minnelli_charles_walters,"Vincente Minnelli, Charles Walters"
leslie_caron,Leslie Caron
louis_jourdan,Louis Jourdan
otto_preminger_rouben_mamoulian,"Otto Preminger, Rouben Mamoulian"
gene_tierney,Gene Tierney
dana_andrews,Dana Andrews
clifton_webb,Clifton Webb
ronald_colman,Ronald Colman
jane_wyatt,Jane Wyatt
edward_everett_horton,Edward Everett Horton
mark_sandrich,Mark Sandrich
ginger_rogers,Ginger Rogers
carole_lombard,Carole Lombard
jack_benny,Jack Benny
robert_stack,Robert Stack
gregory_la_cava,Gregory La Cava
william_powell,William Powell
alice_brady,Alice Brady
george_stevens,George Stevens
elizabeth_taylor,Elizabeth Taylor
rock_hudson,Rock Hudson
james_dean,James Dean
elia_kazan,Elia Kazan
raymond_massey,Raymond Massey
julie_harris,Julie Harris
howard_hawks,Howard Hawks
rosalind_russell,Rosalind Russell
ralph_bellamy,Ralph Bellamy
frank_coraci,Frank Coraci
jackie_chan,Jackie Chan
steve_coogan,Steve Coogan
donna_reed,Donna Reed
lionel_barrymore,Lionel Barrymore
jean_arthur,Jean Arthur
katharine_hepburn,Katharine Hepburn
charles_ruggles,Charles Ruggles
beulah_bondi,Beulah Bondi
john_cromwell,John Cromwell
leslie_howard,Leslie Howard
frances_dee,Frances Dee
jack_gold,Jack Gold
ricky_schroder,Ricky Schroder
alec_guinness,Alec Guinness
eric_porter,Eric Porter
george_a_romero,George A. Romero
duane_jones,Duane Jones
judith_o_dea,Judith O'Dea
karl_hardman,Karl Hardman
john_huston,John Huston
jennifer_jones,Jennifer Jones
gina_lollobrigida,Gina Lollobrigida
richard_brooks,Richard Brooks
burl_ives,Burl Ives
barbara_stanwyck,Barbara Stanwyck
edward_arnold,Edward Arnold
urszula_antoniak,Urszula Antoniak
lotte_verbeek,Lotte Verbeek
stephen_rea,Stephen Rea
tom_charlfa,Tom Charlfa
thokozani_nkosi,Thokozani Nkosi
joshua_logan,Joshua Logan
betty_field,Betty Field
carroll_ballard,Carroll Ballard
jeff_daniels,Jeff Daniels
anna_paquin,Anna Paquin
mike_cahill,Mike Cahill
nesta_cooper,Nesta Cooper
allison_anders,Allison Anders
illeana_douglas,Illeana Douglas
sissy_boyd,Sissy Boyd
ringo_lam,Ringo Lam
jean_hugues_anglade,Jean-Hugues Anglade
neil_jordan,Neil Jordan
jeffrey_force,Jeffrey Force
campbell_scott_stanley_tucci,"Campbell Scott, Stanley Tucci"
tony_shalhoub,Tony Shalhoub
stanley_tucci,Stanley Tucci
marc_anthony,Marc Anthony
bruce_dern,Bruce Dern
william_sanderson,William Sanderson
queen_latifah,Queen Latifah
vivica_a_fox,Vivica A. Fox
john_herzfeld,John Herzfeld
teri_hatcher,Teri Hatcher
danny_aiello,Danny Aiello
robert_lieberman,Robert Lieberman
jeffrey_nordling,Jeffrey Nordling
david_selby,David Selby
matt_orefice,Matt Orefice
briana_bui,Briana Bui
travis_doane,Travis Doane
susan_echols_orton,Susan Echols-Orton
norman_foster,Norman Foster
fess_parker,Fess Parker
buddy_ebsen,Buddy Ebsen
basil_ruysdael,Basil Ruysdael
john_hough,John Hough
ray_milland,Ray Milland
donald_pleasence,Donald Pleasence
robert_stevenson,Robert Stevenson
helen_hayes,Helen Hayes
ken_berry,Ken Berry
stefanie_powers,Stefanie Powers
dorothy_mcguire,Dorothy McGuire
tommy_kirk,Tommy Kirk
david_swift,David Swift
jane_wyman,Jane Wyman
hayley_mills,Hayley Mills
richard_egan,Richard Egan
duwayne_dunham,Duwayne Dunham
don_ameche,Don Ameche
ken_annakin,Ken Annakin
john_mills,John Mills
james_macarthur,James MacArthur
dean_jones,Dean Jones
dorothy_provine,Dorothy Provine
richard_fleischer,Richard Fleischer
kirk_douglas,Kirk Douglas
paul_lukas,Paul Lukas
doug_e_doug,Doug E. Doug
william_dear,William Dear
brenda_fricker,Brenda Fricker
tony_danza,Tony Danza
lily_james,Lily James
cate_blanchett,Cate Blanchett
richard_madden,Richard Madden
wolfgang_reitherman_ben_sharpsteen,"Wolfgang Reitherman, Ben Sharpsteen"
sebastian_cabot,Sebastian Cabot
sterling_holloway,Sterling Holloway
john_fiedler,John Fiedler
julie_andrews,Julie Andrews
dick_van_dyke,Dick Van Dyke
david_tomlinson,David Tomlinson
samuel_armstrong_norman_ferguson_wilfred_jackson,"Samuel Armstrong, Norman Ferguson, Wilfred Jackson"
edward_brophy,Edward Brophy
james_baskett,James Baskett
david_lowery,David Lowery
bryce_dallas_howard,Bryce Dallas Howard
oakes_fegley,Oakes Fegley
robert_stevenson_ward_kimball,"Robert Stevenson, Ward Kimball"
angela_lansbury,Angela Lansbury
roddy_mcdowall,Roddy McDowall
matthew_bright,Matthew Bright
ralph_lawson,Ralph Lawson
craig_urbani,Craig Urbani
ethan_cole,Ethan Cole
lynelle_kenned,Lynelle Kenned
rory_booth,Rory Booth
alan_rickman,Alan Rickman
bonnie_bedelia,Bonnie Bedelia
david_yates,David Yates
eddie_redmayne,Eddie Redmayne
jude_law,Jude Law
ezra_miller,Ezra Miller
charlize_theron,Charlize Theron
michael_pressman,Michael Pressman
claire_danes,Claire Danes
hettie_macdonald,Hettie Macdonald
glen_berry,Glen Berry
linda_henry,Linda Henry
scott_neal,Scott Neal
mark_boone_junior,Mark Boone Junior
john_mcnaughton,John McNaughton
bruce_a_young,Bruce A. Young
ossie_davis,Ossie Davis
andre_braugher,Andre Braugher
michael_winterbottom,Michael Winterbottom
liam_cunningham,Liam Cunningham
goldie_hawn,Goldie Hawn
vince_vaughn,Vince Vaughn
heather_graham,Heather Graham
tad_stones,Tad Stones
val_bettin,Val Bettin
jim_cummings,Jim Cummings
gilbert_gottfried,Gilbert Gottfried
edward_dmytryk,Edward Dmytryk
robert_young,Robert Young
robert_mitchum,Robert Mitchum
robert_ryan,Robert Ryan
mel_stuart,Mel Stuart
gene_wilder,Gene Wilder
jack_albertson,Jack Albertson
peter_ostrum,Peter Ostrum
ed_sinclair,Ed Sinclair
viv_moore,Viv Moore
david_benjamin_tomlinson,David Benjamin Tomlinson
john_beck,John Beck
louise_lasser,Louise Lasser
carlos_montalb_n,Carlos Montalbán
terry_jones,Terry Jones
graham_chapman,Graham Chapman
john_cleese,John Cleese
michael_palin,Michael Palin
robert_preston,Robert Preston
kevin_antoine,Kevin Antoine
tommy_lasorda,Tommy Lasorda
vin_scully,Vin Scully
darryl_strawberry,Darryl Strawberry
arthur_penn,Arthur Penn
warren_beatty,Warren Beatty
michael_j_pollard,Michael J. Pollard
bj_rn_tj_rnberg,Björn Tjärnberg
robert_cummings,Robert Cummings
emile_ardolino,Emile Ardolino
jennifer_grey,Jennifer Grey
jerry_orbach,Jerry Orbach
ted_kotcheff,Ted Kotcheff
andrew_mccarthy,Andrew McCarthy
jonathan_silverman,Jonathan Silverman
catherine_mary_stewart,Catherine Mary Stewart
ray_manzarek,Ray Manzarek
robby_krieger,Robby Krieger
john_densmore,John Densmore
jim_morrison,Jim Morrison
alan_j_pakula,Alan J. Pakula
henry_thomas,Henry Thomas
adam_penford,Adam Penford
nicholas_farrell,Nicholas Farrell
mark_gatiss,Mark Gatiss
christopher_godwin,Christopher Godwin
kelly_mcgillis,Kelly McGillis
nicholas_ray,Nicholas Ray
natalie_wood,Natalie Wood
sal_mineo,Sal Mineo
jason_biggs,Jason Biggs
mena_suvari,Mena Suvari
zak_orth,Zak Orth
alan_taylor,Alan Taylor
william_forsythe,William Forsythe
vincent_gallo,Vincent Gallo
adam_trese,Adam Trese
peter_cohn,Peter Cohn
liza_harris,Liza Harris
liam_ahern,Liam Ahern
rich_wilkes,Rich Wilkes
ben_affleck,Ben Affleck
sam_rockwell,Sam Rockwell
mark_rydell,Mark Rydell
henry_fonda,Henry Fonda
ate_de_jong,Ate de Jong
rik_mayall,Rik Mayall
marsha_mason,Marsha Mason
fabrice_bl_e,Fabrice Blée
allan_siegel,Allan Siegel
lee_van_cleef,Lee Van Cleef
ernest_borgnine,Ernest Borgnine
yves_montand,Yves Montand
daniel_auteuil,Daniel Auteuil
howard_zieff,Howard Zieff
eileen_brennan,Eileen Brennan
terry_gilliam_terry_jones,"Terry Gilliam, Terry Jones"
eric_idle,Eric Idle
rick_castro_bruce_la_bruce,"Rick Castro, Bruce La Bruce"
tony_ward,Tony Ward
bruce_la_bruce,Bruce La Bruce
kevin_p_scott,Kevin P. Scott
michael_ray_rhodes,Michael Ray Rhodes
martin_sheen,Martin Sheen
lenny_von_dohlen,Lenny von Dohlen
leon_gast,Leon Gast
muhammad_ali,Muhammad Ali
george_foreman,George Foreman
don_king,Don King
martine_dugowson,Martine Dugowson
elsa_zylberstein,Elsa Zylberstein
florence_thomassin,Florence Thomassin
greg_kinnear,Greg Kinnear
laurie_metcalf,Laurie Metcalf
maria_pitillo,Maria Pitillo
phillip_rhee,Phillip Rhee
peter_greenaway,Peter Greenaway
richard_bohringer,Richard Bohringer
michael_gambon,Michael Gambon
helen_mirren,Helen Mirren
marc_caro_jean_pierre_jeunet,"Marc Caro, Jean-Pierre Jeunet"
marie_laure_dougnac,Marie-Laure Dougnac
dominique_pinon,Dominique Pinon
pascal_benezech,Pascal Benezech
alfred_molina,Alfred Molina
ralph_meeker,Ralph Meeker
adolphe_menjou,Adolphe Menjou
peter_chelsom,Peter Chelsom
adrian_dunbar,Adrian Dunbar
brian_flanagan,Brian Flanagan
gabriele_salvatores,Gabriele Salvatores
diego_abatantuono,Diego Abatantuono
claudio_bigagli,Claudio Bigagli
giuseppe_cederna,Giuseppe Cederna
alison_whelan,Alison Whelan
steven_soderbergh,Steven Soderbergh
baz_luhrmann,Baz Luhrmann
paul_mercurio,Paul Mercurio
tara_morice,Tara Morice
mike_anama,Mike Anama
corty_anderson,Corty Anderson
t_j_armstrong,T.J. Armstrong
john_carson,John Carson
madonna,Madonna
donna_delory,Donna DeLory
niki_haris,Niki Haris
jennie_livingston,Jennie Livingston
brooke_xtravaganza,Brooke Xtravaganza
andr_christian,André Christian
dorian_corey,Dorian Corey
milos_forman,Milos Forman
michael_berryman,Michael Berryman
irvin_kershner,Irvin Kershner
mandy_patinkin,Mandy Patinkin
fred_savage,Fred Savage
terry_gilliam,Terry Gilliam
jonathan_pryce,Jonathan Pryce
michael_biehn,Michael Biehn
carrie_henn,Carrie Henn
bruce_robinson,Bruce Robinson
paul_mcgann,Paul McGann
sidney_lumet,Sidney Lumet
lee_j_cobb,Lee J. Cobb
martin_balsam,Martin Balsam
david_lean,David Lean
robert_mulligan,Robert Mulligan
john_megna,John Megna
frank_overton,Frank Overton
richard_marquand,Richard Marquand
john_walsh,John Walsh
tom_skerritt,Tom Skerritt
sam_raimi,Sam Raimi
bruce_campbell,Bruce Campbell
embeth_davidtz,Embeth Davidtz
marcus_gilbert,Marcus Gilbert
akira_kurosawa,Akira Kurosawa
tatsuya_nakadai,Tatsuya Nakadai
akira_terao,Akira Terao
jinpachi_nezu,Jinpachi Nezu
anthony_perkins,Anthony Perkins
janet_leigh,Janet Leigh
vera_miles,Vera Miles
r_lee_ermey,R. Lee Ermey
derek_jacobi,Derek Jacobi
simon_shepherd,Simon Shepherd
tom_hulce,Tom Hulce
elizabeth_berridge,Elizabeth Berridge
michael_gillis,Michael Gillis
andrew_v_mclaglen,Andrew V. McLaglen
patrick_wayne,Patrick Wayne
sergio_leone,Sergio Leone
james_woods,James Woods
elizabeth_mcgovern,Elizabeth McGovern
tony_roberts,Tony Roberts
andrei_tarkovsky,Andrei Tarkovsky
alisa_freyndlikh,Alisa Freyndlikh
aleksandr_kaydanovskiy,Aleksandr Kaydanovskiy
anatoliy_solonitsyn,Anatoliy Solonitsyn
lawrence_jordan,Lawrence Jordan
sting,Sting
dominic_miller,Dominic Miller
manu_katch,Manu Katché
jason_robello,Jason Robello
hal_ashby,Hal Ashby
ruth_gordon,Ruth Gordon
bud_cort,Bud Cort
vivian_pickles,Vivian Pickles
david_schwimmer,David Schwimmer
clive_owen,Clive Owen
liana_liberato,Liana Liberato
bill_forsyth,Bill Forsyth
burt_lancaster,Burt Lancaster
peter_riegert,Peter Riegert
fulton_mackay,Fulton Mackay
lena_headey,Lena Headey
thomas_dekker,Thomas Dekker
summer_glau,Summer Glau
mariel_hemingway,Mariel Hemingway
gabriel_byrne,Gabriel Byrne
albert_finney,Albert Finney
peter_weir,Peter Weir
robert_sean_leonard,Robert Sean Leonard
joseph_fiennes,Joseph Fiennes
jamie_campbell_bower,Jamie Campbell Bower
tamsin_egerton,Tamsin Egerton
